date;0:00;0:30;1:00;1:30;2:00;2:30;3:00;3:30;4:00;4:30;5:00;5:30;6:00;6:30;7:00;7:30;8:00;8:30;9:00;9:30;10:00;10:30;11:00;11:30;12:00;12:30;13:00;13:30;14:00;14:30;15:00;15:30;16:00;16:30;17:00;17:30;18:00;18:30;19:00;19:30;20:00;20:30;21:00;21:30;22:00;22:30;23:00;23:30;
20/07/2020;476;;218;;218;;691;;391;;701;;203;;238;;192;;169;;181;;186;;169;;180;;298;;233;;313;;302;;333;;298;;277;;236;;323;;775;;;
21/07/2020;501;;772;;3433;;832;;178;;242;;189;;217;;215;;180;;185;;193;;176;;195;;273;;225;;289;;291;;549;;871;;428;;512;;456;;657;;;
22/07/2020;236;;257;;229;;739;;439;;690;;221;;284;;225;;221;;232;;229;;218;;963;;847;;269;;353;;722;;1462;;358;;265;;394;;1168;;1356;;;
23/07/2020;224;;752;;2705;;207;;198;;249;;215;;232;;208;;184;;186;;185;;179;;194;;253;;246;;362;;357;;435;;353;;212;;356;;321;;629;;;
24/07/2020;180;;174;;191;;190;;182;;230;;188;;214;;180;;188;;178;;176;;189;;193;;278;;238;;410;;427;;343;;263;;246;;237;;256;;1181;;;
25/07/2020;191;;756;;2641;;194;;183;;180;;201;;186;;171;;306;;297;;227;;265;;2118;;1143;;540;;353;;346;;306;;556;;1338;;284;;335;;350;;;
26/07/2020;209;;182;;1080;;833;;191;;188;;569;;199;;178;;171;;292;;960;;399;;1007;;1176;;695;;337;;329;;283;;262;;304;;270;;359;;1350;;;
27/07/2020;217;;773;;2633;;729;;303;;243;;203;;233;;221;;278;;346;;302;;408;;198;;186;;195;;201;;181;;258;;877;;335;;186;;346;;266;;;
28/07/2020;210;248;164;202;196;158;208;196;170;206;176;182;206;1108;318;502;152;292;312;294;338;316;326;334;322;190;212;158;198;192;164;196;182;170;210;302;302;330;1124;1106;812;264;284;278;206;1382;258;702;;
29/07/2020;214;1280;1988;5250;1328;172;1462;682;256;324;186;178;202;184;182;206;170;332;308;288;320;352;310;664;2216;872;410;208;162;198;216;150;310;300;256;586;714;310;636;2636;2166;1010;258;254;288;1188;224;238;;
30/07/2020;236;204;218;230;204;232;1168;370;292;304;308;196;206;576;602;202;222;294;314;322;344;400;346;356;752;200;430;290;194;224;200;202;224;192;186;266;290;238;208;400;512;308;218;250;252;1640;846;208;;
31/07/2020;178;226;1368;3988;1398;226;196;236;204;178;222;184;182;220;244;204;280;194;318;312;276;326;308;286;362;186;294;384;318;360;336;296;368;282;296;334;292;1956;1722;1068;308;296;206;550;726;1498;336;230;;
01/08/2020;174;218;214;236;218;194;194;1476;460;264;314;176;194;228;170;206;212;244;274;260;174;218;184;164;198;180;592;338;186;182;214;168;240;214;168;202;214;170;216;192;242;524;946;564;272;1424;228;808;;
02/08/2020;160;188;1258;3958;1458;190;174;210;176;178;206;162;190;208;150;200;188;158;198;176;240;456;830;688;262;316;688;462;226;198;182;198;212;168;198;244;312;1140;1030;728;418;332;234;320;292;1142;216;170;;
03/08/2020;198;204;164;186;206;172;188;206;176;1054;306;418;638;234;268;226;202;176;174;206;178;172;204;174;178;202;180;500;280;228;268;370;296;338;374;414;448;366;302;760;718;628;292;280;328;1336;194;190;;
04/08/2020;204;154;1346;4932;2330;1500;192;166;202;1112;218;206;166;202;290;374;200;196;150;198;188;170;200;170;176;198;164;332;206;188;332;320;304;288;248;380;402;322;220;242;278;326;246;208;292;1038;180;214;9124;
05/08/2020;196;180;210;174;178;216;1072;312;334;1172;310;232;168;242;298;192;202;218;168;206;212;250;336;330;300;342;628;854;236;318;328;512;1246;1062;1384;928;612;814;584;378;358;264;254;380;376;1708;880;258;9667;
06/08/2020;208;208;1286;3982;1584;260;1144;320;364;300;354;234;212;218;312;222;184;196;220;220;202;288;222;202;194;234;222;490;288;240;288;334;354;298;274;654;880;358;370;318;382;294;316;282;250;970;178;210;13986;
07/08/2020;194;162;202;228;160;202;198;174;210;1100;216;206;178;202;278;188;174;198;162;182;196;156;192;202;164;206;320;816;372;464;426;458;380;452;350;154;304;400;304;392;378;224;272;256;260;1794;952;264;14512;
08/08/2020;836;194;1274;4000;1542;198;218;168;176;178;138;188;172;144;182;158;146;184;158;324;226;332;386;560;848;1410;1312;496;404;384;268;200;188;158;198;1594;1042;252;166;300;462;308;268;342;216;270;264;222;19143;
09/08/2020;224;182;190;1212;938;1480;206;168;214;190;190;220;170;206;206;166;230;192;286;274;246;284;342;660;1054;686;342;1252;652;262;410;398;420;452;428;750;890;566;384;358;414;406;330;468;654;1672;828;170;222;
10/08/2020;190;204;1178;4050;1290;176;214;166;206;206;162;208;174;1038;296;188;204;312;240;322;306;290;728;1168;482;212;214;326;206;152;212;196;160;204;174;430;652;576;1164;1412;970;420;236;348;324;1036;254;200;4621;
11/08/2020;158;206;204;222;208;166;194;206;162;216;194;170;206;178;274;242;156;292;286;252;302;322;264;366;318;226;202;176;210;172;192;204;156;210;196;164;264;264;294;430;352;266;254;328;294;1536;786;208;;
12/08/2020;154;198;1228;3890;1360;158;186;188;146;196;170;174;204;1010;258;186;154;292;186;164;202;162;244;280;372;198;350;150;182;162;158;190;170;156;194;460;1244;536;276;362;800;390;280;254;232;1078;228;208;;
13/08/2020;180;216;252;226;162;194;168;148;192;156;164;194;144;170;276;162;196;264;222;324;314;370;336;242;382;216;398;460;196;154;198;202;146;196;214;262;228;332;1538;1924;1216;334;294;300;372;1552;824;206;;
14/08/2020;162;194;1298;4916;1864;1520;178;206;160;188;198;152;206;1026;274;286;172;268;310;284;330;266;322;358;506;250;312;356;288;324;316;306;242;306;214;176;298;222;174;220;208;246;250;278;330;992;230;238;;
15/08/2020;178;194;202;162;212;928;400;342;248;262;242;158;196;204;164;206;182;172;278;268;310;318;318;370;332;276;602;474;294;206;168;260;914;276;328;222;188;330;288;464;1024;1096;288;288;372;1606;894;294;;
16/08/2020;226;160;1236;4036;1468;214;766;644;368;250;288;256;170;212;170;182;206;150;202;560;154;264;200;396;750;586;898;394;228;318;306;268;284;426;564;322;272;312;298;260;792;290;332;440;300;324;326;170;;
17/08/2020;248;182;164;196;164;178;198;148;198;196;160;200;172;184;196;146;194;180;160;296;284;284;308;268;318;378;512;802;210;236;302;164;196;194;160;210;182;172;208;486;1188;274;212;290;326;1470;388;880;;
18/08/2020;184;210;1180;3928;1530;156;200;188;166;206;174;178;206;168;184;196;148;196;184;220;294;270;276;302;266;288;292;1022;552;190;202;376;734;376;204;220;304;508;616;928;506;240;238;252;352;194;188;180;;
19/08/2020;1146;938;1440;164;184;130;184;160;154;186;134;182;168;174;294;172;190;172;146;186;148;168;172;134;182;146;168;182;138;186;160;162;182;134;186;156;158;184;130;186;158;158;198;130;192;160;162;186;;
20/08/2020;128;184;154;156;186;128;184;154;156;186;128;184;152;166;180;130;182;150;160;180;136;182;144;168;174;140;190;142;172;168;148;182;134;182;166;152;188;130;188;156;160;186;140;184;148;164;180;140;;
21/08/2020;184;138;170;164;144;184;128;184;158;152;182;128;186;160;162;178;134;180;144;166;176;140;184;138;178;168;152;186;130;182;160;160;180;132;182;144;166;170;134;182;138;172;176;146;188;132;180;164;;
22/08/2020;146;180;124;178;154;146;180;124;182;152;156;182;126;190;148;158;172;132;178;142;170;168;136;176;136;168;170;142;178;132;184;162;146;180;128;178;160;148;180;124;180;158;158;180;132;180;160;152;;
23/08/2020;180;126;176;150;152;178;128;178;152;158;176;130;182;154;164;172;136;178;142;164;174;132;178;138;164;170;140;182;136;172;172;140;182;126;180;156;154;178;128;176;148;160;182;132;180;140;170;170;;
24/08/2020;132;174;138;162;166;132;178;138;166;166;140;176;130;182;164;140;176;130;174;160;148;180;128;178;156;150;182;130;180;156;160;176;128;180;150;160;178;150;222;358;336;206;320;336;298;304;298;2840;;
25/08/2020;1090;856;188;1288;958;1514;210;864;562;312;276;968;226;224;190;194;220;156;198;312;212;398;410;424;428;978;2136;2712;874;328;610;354;344;312;196;238;274;308;776;904;604;240;234;346;346;1834;906;240;;
26/08/2020;170;208;1230;3926;1582;160;192;864;456;364;262;256;262;178;194;202;156;206;408;222;1156;274;316;352;308;342;352;344;332;276;300;352;308;320;342;290;324;388;248;276;282;312;224;184;236;244;240;296;;
27/08/2020;262;216;214;160;174;196;146;190;184;154;200;164;172;206;148;188;184;216;276;312;334;352;302;314;320;294;344;272;242;284;284;334;312;298;352;280;268;304;280;302;858;204;248;402;506;1590;778;228;;
28/08/2020;180;164;1232;3934;1386;192;144;198;178;160;194;158;176;204;144;198;178;160;196;328;260;544;520;540;572;476;454;1244;754;376;388;462;406;328;862;1610;642;1124;1144;378;158;852;1068;222;252;1084;1330;218;;
29/08/2020;152;194;158;172;188;142;194;162;176;190;162;196;160;186;188;148;190;152;178;200;400;538;1990;1188;946;424;1308;1292;742;342;296;636;326;798;468;418;450;370;1002;908;234;310;196;280;318;1572;882;182;;
30/08/2020;178;196;1198;3986;1536;168;192;146;192;186;160;200;166;186;196;142;188;168;166;198;298;320;372;392;856;1016;1200;1620;1046;268;324;330;296;216;268;306;2298;1890;1672;576;236;278;236;270;266;1056;240;224;;
31/08/2020;168;200;146;196;336;2154;1340;226;310;166;186;180;158;202;144;198;162;188;314;286;336;302;310;282;332;1196;1292;662;366;336;478;602;454;600;418;590;664;380;344;988;280;1956;712;1294;360;412;204;202;;
01/09/2020;162;176;184;140;192;156;166;188;134;194;164;162;190;826;412;580;204;202;142;176;176;142;186;148;166;182;140;190;156;158;192;128;186;160;152;186;136;178;166;146;188;142;182;174;138;182;150;162;;
02/09/2020;178;130;180;146;154;176;126;178;150;154;176;120;178;156;154;178;128;178;150;160;176;130;180;144;166;168;144;182;128;170;168;150;180;130;180;148;164;166;134;174;128;184;164;156;174;128;186;132;;
03/09/2020;172;154;142;170;122;172;134;168;158;146;178;124;178;144;160;154;144;176;128;180;138;176;158;144;174;130;188;134;176;154;162;176;132;176;130;176;160;150;178;126;180;134;188;164;150;182;134;178;;
04/09/2020;140;160;158;136;174;126;180;144;162;172;136;178;126;186;146;152;166;130;178;126;180;148;158;170;140;176;132;180;148;160;178;136;182;130;180;158;154;178;126;178;130;176;166;154;180;128;188;140;;
05/09/2020;166;166;138;176;126;180;138;168;158;152;180;128;176;146;162;164;138;178;124;178;156;154;178;134;180;134;180;160;146;176;134;178;140;170;160;146;182;128;180;142;166;166;156;186;128;180;142;168;;
06/09/2020;156;140;174;126;174;142;160;164;140;178;128;178;144;166;162;134;178;126;178;130;176;156;148;178;120;172;134;176;156;150;184;130;180;128;196;180;152;282;1644;1284;676;248;294;344;364;1166;1394;1528;;
07/09/2020;1584;1526;1542;1540;1510;1548;1508;1570;1530;1556;1542;1540;2264;940;282;164;176;156;150;176;134;176;130;178;150;156;180;136;178;126;186;144;156;166;138;178;130;234;2338;738;648;1112;1090;696;328;228;204;162;;
08/09/2020;180;182;136;178;134;182;1126;276;306;206;276;140;174;200;282;226;172;196;180;156;298;580;358;368;280;554;1214;276;382;1512;342;2498;2440;1520;252;278;388;334;1574;774;348;318;230;1400;254;342;308;266;;
09/09/2020;270;172;156;190;136;206;1126;298;302;246;294;160;580;666;280;420;282;368;336;340;350;324;342;320;344;340;390;990;204;280;400;256;324;166;720;664;392;256;156;600;342;240;222;344;338;324;2596;328;;
10/09/2020;358;362;1340;3880;2924;324;290;244;282;226;270;260;242;1152;266;252;180;152;192;144;182;174;148;192;142;176;180;150;194;142;188;172;150;196;140;256;254;228;324;220;660;638;370;316;302;416;246;270;;
11/09/2020;274;242;290;236;284;1652;2028;372;326;294;256;264;276;354;284;184;184;182;158;198;140;194;164;168;192;140;206;218;296;340;210;506;292;280;184;160;196;148;204;168;174;220;208;268;204;222;228;608;;
12/09/2020;1732;236;1248;3886;2816;280;240;292;246;262;274;234;284;234;276;250;250;272;238;200;280;328;304;282;914;354;1264;1474;484;226;312;732;270;214;394;354;488;1604;1164;868;1022;266;190;262;262;268;246;194;;
13/09/2020;1558;244;260;260;240;1258;816;346;316;270;292;232;280;236;266;254;242;276;222;278;178;1434;1220;328;288;148;210;154;186;168;172;188;144;190;140;188;166;164;196;184;428;308;310;356;272;186;144;194;;
14/09/2020;138;186;154;160;176;140;186;132;192;156;170;174;160;222;218;226;180;170;168;152;192;134;192;150;170;170;156;194;136;204;168;176;178;154;194;154;308;226;300;284;176;296;370;542;212;240;196;158;;
15/09/2020;200;144;196;1128;924;1532;158;202;144;196;170;170;190;1008;398;436;344;292;276;290;194;242;196;288;272;232;256;258;340;286;312;302;288;336;260;276;314;1268;1010;1104;258;204;236;234;200;978;2980;834;;
16/09/2020;806;190;200;166;202;150;204;172;186;196;160;206;146;210;260;196;190;144;190;148;196;158;166;186;144;192;278;1230;236;814;282;146;192;134;202;896;524;248;186;432;314;292;458;386;300;308;2552;252;;
17/09/2020;216;150;2348;3980;2900;190;190;210;160;212;150;204;170;190;284;266;204;154;200;146;206;168;188;202;164;204;160;206;160;192;188;172;200;154;210;212;316;278;308;534;314;240;236;336;254;248;170;202;;
18/09/2020;198;172;212;152;210;182;1150;306;326;310;272;210;170;1138;294;316;422;176;252;174;198;256;208;212;156;380;240;324;266;178;258;274;452;488;264;176;358;212;166;266;630;1696;562;298;410;260;270;210;;
19/09/2020;250;222;230;282;328;600;1020;468;372;396;368;302;318;284;292;832;728;352;384;386;304;270;244;220;780;866;1048;1558;336;336;426;294;310;672;1552;1682;754;256;698;1418;448;718;686;272;248;216;222;1970;;
20/09/2020;1568;1390;150;1180;918;1526;194;160;218;164;208;174;184;198;156;204;150;202;174;946;494;316;522;358;1064;1318;1656;970;1280;440;324;268;306;368;452;242;158;208;180;438;272;208;306;294;318;2298;388;216;;
21/09/2020;172;186;2412;4000;2908;164;196;186;170;214;148;216;184;284;234;202;222;154;194;178;174;204;146;210;162;190;200;164;212;160;214;170;182;196;156;210;154;238;254;222;224;220;286;286;284;234;180;210;;
22/09/2020;148;212;170;192;182;164;206;146;206;164;188;190;164;220;234;246;166;168;182;144;194;136;192;158;170;178;154;192;132;192;158;182;182;164;196;244;388;740;278;198;238;302;258;310;290;214;148;184;;
23/09/2020;174;178;190;150;200;136;196;138;198;162;176;178;154;1072;178;196;142;188;244;172;178;152;190;138;192;190;1318;1072;734;692;318;202;254;304;246;700;674;294;270;248;302;212;264;204;312;264;1216;2212;;
24/09/2020;204;1418;182;224;180;226;166;222;170;214;192;196;204;180;320;180;210;132;192;150;188;180;154;194;138;192;146;184;160;160;182;140;190;136;188;242;262;236;224;204;282;282;242;420;936;1918;202;148;;
25/09/2020;202;150;1272;3732;2872;198;166;204;152;204;160;192;180;190;276;184;282;202;276;180;206;196;254;200;170;414;180;208;160;204;184;190;194;242;538;268;424;318;1010;1100;214;204;250;206;224;1474;170;192;;
26/09/2020;154;198;154;212;150;198;1118;422;326;246;264;192;202;146;196;202;284;156;172;178;170;190;154;662;1172;1154;992;204;216;184;170;170;178;160;198;252;278;192;222;354;210;206;250;222;220;2606;402;1300;;
27/09/2020;148;196;144;4678;4676;1604;1370;368;330;258;268;190;198;146;194;174;200;150;192;294;252;200;184;326;264;228;158;420;162;272;278;326;236;240;210;172;910;1086;1338;1222;364;280;312;310;304;326;226;206;;
28/09/2020;152;200;150;216;176;190;172;176;526;280;222;144;202;260;378;186;210;162;172;184;174;184;148;198;142;196;142;192;144;184;168;168;180;150;186;152;206;252;310;650;240;206;256;270;1176;2064;146;192;;
29/09/2020;146;194;144;3622;3940;314;166;170;188;158;198;144;194;768;308;184;200;158;174;176;172;194;136;194;142;194;142;198;142;184;162;170;182;154;192;242;292;310;1072;1026;370;218;240;288;314;342;306;240;;
30/09/2020;164;216;164;214;182;206;190;194;202;178;218;162;206;196;402;196;214;160;178;170;178;200;152;194;142;192;422;1212;246;294;236;170;224;200;208;590;558;208;1024;1690;968;234;268;242;238;3204;1334;196;;
01/10/2020;180;198;154;3666;3996;304;192;166;194;152;198;142;194;144;394;188;208;168;176;180;166;204;154;200;142;196;142;200;156;188;166;176;182;162;188;154;286;204;334;302;252;212;262;288;402;260;174;204;;
02/10/2020;154;204;152;204;168;184;198;180;204;146;204;150;210;166;268;418;202;222;214;228;174;278;196;206;190;184;762;600;328;250;330;314;322;318;436;580;280;238;220;358;226;252;214;230;214;1950;248;196;;
03/10/2020;240;194;248;3716;4064;342;222;210;210;232;198;244;188;240;176;316;212;208;158;196;158;182;322;1152;1434;1280;260;268;274;272;258;180;256;280;292;142;196;152;186;160;178;172;174;176;158;190;150;212;;
04/10/2020;154;204;152;198;138;190;144;188;160;182;168;172;172;156;184;156;216;1074;1366;550;196;264;312;340;404;394;1890;638;378;330;392;406;372;338;1090;1636;402;786;1410;778;266;372;314;484;1438;2550;192;186;;
05/10/2020;1048;462;192;4532;4718;1590;1370;294;338;230;294;154;192;280;214;216;180;180;154;188;152;184;136;192;140;190;140;182;140;190;166;184;158;162;180;154;186;132;224;960;246;192;354;282;376;308;298;182;;
06/10/2020;186;180;170;184;156;186;326;1816;302;276;214;188;154;228;258;220;230;184;206;174;208;230;204;152;210;160;210;320;280;170;198;178;188;192;172;496;594;344;734;982;222;280;208;234;1444;2174;194;142;;
07/10/2020;186;138;192;3502;3900;348;168;178;154;178;142;192;814;422;170;170;190;152;186;230;310;244;302;210;184;1530;962;1784;1220;1090;154;198;148;198;164;178;172;252;766;664;320;282;344;204;312;1620;198;166;;
08/10/2020;170;178;154;196;142;192;142;192;148;190;156;170;180;188;286;168;250;174;220;154;208;252;190;192;176;196;318;298;154;220;170;212;174;194;184;180;208;578;1506;1234;388;234;364;282;220;3234;1668;408;;
09/10/2020;154;204;174;3598;4054;370;206;874;652;328;270;250;232;338;262;236;152;212;182;182;190;164;204;136;200;148;196;170;180;162;210;326;206;292;194;192;146;192;174;1292;258;210;284;204;248;200;236;146;;
10/10/2020;196;140;198;162;194;184;164;190;154;198;148;188;150;196;800;540;206;180;190;180;208;150;202;264;270;526;1074;230;174;192;218;192;170;212;162;202;446;668;1134;1056;328;350;310;290;362;2516;310;164;;
11/10/2020;206;178;198;3572;3904;400;180;1354;326;326;222;286;162;184;174;174;230;160;208;278;358;1250;980;398;362;604;1570;1068;816;378;380;442;388;374;370;1178;740;1168;1736;448;246;888;1126;300;360;1924;228;158;;
12/10/2020;206;156;210;1290;990;1936;1174;356;274;272;220;194;1708;880;258;280;176;220;274;264;344;294;282;270;324;538;392;262;330;270;306;298;280;218;758;970;554;428;1276;986;258;344;632;744;326;2152;274;234;;
13/10/2020;256;174;228;3512;3916;386;206;164;216;180;202;180;190;206;244;228;154;202;154;312;230;292;248;340;284;352;350;272;268;248;268;250;304;252;308;350;426;376;508;636;1708;1394;536;276;266;1728;490;2768;;
14/10/2020;2776;280;236;280;216;274;230;268;230;262;3176;476;254;242;486;360;2638;424;378;304;364;326;1570;1520;824;776;1602;2568;1082;396;360;412;360;448;340;390;474;1364;1556;802;2500;504;534;568;488;2084;366;300;;
15/10/2020;318;264;314;3584;3994;2302;1998;442;362;356;278;298;1458;1284;338;392;294;332;274;2780;248;372;258;292;268;322;628;432;366;392;420;360;416;368;412;444;516;2296;410;692;318;356;318;396;1116;1138;4104;3312;;
16/10/2020;230;278;538;2000;264;1370;436;386;358;960;1914;242;614;784;370;1456;1808;264;364;312;342;374;1284;1508;234;278;244;394;338;424;484;588;568;496;700;926;370;1594;1510;720;768;420;466;396;432;1376;318;252;;
17/10/2020;268;1264;1150;1412;1040;1490;438;284;232;278;238;2290;256;266;260;330;308;240;262;2412;376;342;398;340;388;336;400;746;944;1298;1288;372;286;276;242;388;364;388;266;824;304;1790;2860;304;296;1682;362;334;;
18/10/2020;306;278;290;1032;2418;236;554;1140;436;312;2402;640;284;250;270;266;2886;262;682;650;352;542;2430;404;398;1062;1984;1938;1232;424;304;368;374;394;460;444;1056;1238;2058;1488;538;310;428;1550;960;3242;2144;294;;
19/10/2020;292;298;268;300;254;296;250;1272;430;398;258;594;3010;320;356;276;286;244;280;2756;358;314;398;352;400;424;386;346;362;366;350;390;346;402;348;1226;980;712;1598;1124;420;432;358;380;410;1816;274;258;;
20/10/2020;282;244;280;228;280;232;282;234;286;232;280;236;284;1110;362;308;300;362;342;372;352;440;468;418;358;434;762;608;382;430;374;368;348;368;398;418;494;1478;1292;2796;870;296;390;340;406;2940;362;1428;;
21/10/2020;296;274;282;290;268;288;262;302;260;310;252;302;246;342;334;306;398;386;336;368;348;358;340;366;382;386;872;872;392;410;422;348;378;364;386;328;1130;1516;1728;432;1502;976;474;432;358;2494;342;300;;
22/10/2020;1278;2304;1362;598;254;282;250;294;240;294;244;290;232;296;336;386;344;412;322;422;412;390;406;410;430;572;794;468;446;282;436;356;670;396;410;370;502;446;1514;1782;448;400;428;478;398;2422;292;312;;
23/10/2020;230;288;240;278;256;1410;262;250;276;240;292;232;288;240;424;342;510;422;398;420;412;460;432;462;440;1052;720;492;402;422;488;406;440;454;656;400;524;396;960;1266;436;472;356;370;432;2264;352;298;;
24/10/2020;266;306;242;338;236;284;258;1402;426;398;1568;362;278;244;286;244;308;236;284;386;386;364;380;378;374;1414;1514;458;394;484;448;522;480;500;438;360;244;302;244;1256;966;422;472;838;596;2770;298;1352;;
25/10/2020;302;242;286;242;280;248;254;284;242;292;238;284;228;1904;258;298;240;364;522;1158;1214;1540;1588;1790;1678;862;738;910;1442;1014;636;1884;1356;712;554;342;376;390;540;760;548;358;330;388;412;2334;310;344;;
26/10/2020;246;3108;232;1384;1056;1510;488;1488;412;398;1688;1008;256;264;282;258;282;346;2444;1238;1068;354;464;402;418;466;1708;1046;438;430;400;362;494;446;394;362;696;1430;2048;1108;2282;1012;1404;984;818;2764;350;1418;;
27/10/2020;288;324;248;278;256;262;2992;238;280;232;284;230;276;232;284;1468;1046;262;398;334;320;414;336;488;832;1314;946;378;2046;442;482;436;504;462;506;486;526;488;1224;1008;1200;310;342;324;302;2360;294;336;;
28/10/2020;262;2932;232;282;230;282;230;276;226;284;2200;274;250;250;272;254;284;886;2134;824;288;232;280;230;276;230;280;242;266;246;264;266;266;256;252;2200;272;442;2092;630;500;516;384;476;428;2236;2386;716;;
29/10/2020;314;292;292;316;300;266;300;844;380;2214;304;252;306;270;410;290;300;330;360;2166;372;368;348;370;344;408;344;498;334;390;326;388;350;384;348;454;1228;694;388;864;1546;1062;2070;454;538;2408;408;1376;;
30/10/2020;344;272;314;270;312;278;296;298;296;306;286;314;272;326;328;322;244;1772;624;344;312;370;354;358;366;644;680;552;436;372;432;372;414;452;462;430;360;394;468;880;410;476;386;414;2082;1942;280;332;;
31/10/2020;248;300;250;1406;886;1738;276;248;284;224;286;1462;286;828;1458;250;280;262;418;392;358;474;528;376;326;372;2148;3104;970;430;418;408;446;456;462;500;456;984;2522;1244;1302;876;414;356;2036;2552;414;1376;;
01/11/2020;282;254;258;266;250;280;250;288;240;296;238;288;234;288;238;298;256;282;252;262;382;808;996;1428;1740;1684;1632;496;438;432;596;444;444;432;484;506;490;466;1094;972;552;470;384;422;412;2432;236;304;;
02/11/2020;244;284;230;286;232;1478;232;282;252;270;262;256;272;244;378;310;586;370;400;344;374;398;364;352;358;358;374;580;338;376;354;398;372;510;358;412;680;1160;3930;2920;906;410;356;708;536;2750;300;1398;;
03/11/2020;318;282;298;266;304;282;2996;940;434;332;412;256;296;1230;416;2330;402;372;448;350;318;348;344;358;1734;684;442;366;314;368;348;384;358;388;352;386;438;456;1170;620;912;1810;392;344;378;1850;346;2098;;
04/11/2020;580;1524;1250;2448;1354;514;408;350;318;2494;460;284;232;1138;342;2964;246;300;386;354;360;2496;342;348;424;786;1356;668;1256;1320;734;538;574;598;534;550;504;2352;1938;2486;750;410;422;432;436;2332;340;246;;
05/11/2020;1386;1962;704;236;272;254;1614;2400;1408;364;266;282;230;2882;382;302;246;304;1276;2158;316;342;344;348;386;348;446;2178;384;350;388;342;384;350;358;848;992;504;1894;2126;386;450;388;382;302;1974;262;526;;
06/11/2020;3062;270;254;252;264;230;2730;236;280;220;282;626;2462;222;360;266;436;1764;1522;332;404;496;360;376;350;2302;468;1292;466;364;326;376;372;402;438;414;1778;870;928;644;1222;1854;1452;594;450;2518;446;1344;;
07/11/2020;326;246;268;242;262;258;1494;898;248;272;238;290;234;282;222;280;2088;298;862;620;500;416;500;452;488;1704;1484;904;374;374;390;344;590;466;488;432;510;470;1750;1254;452;432;378;362;436;2338;404;336;;
08/11/2020;302;334;258;2570;1134;1480;546;320;262;324;274;328;274;1992;272;314;296;330;288;302;418;1068;898;430;480;458;1634;1500;382;372;424;502;510;474;502;622;1842;1252;516;774;410;402;352;408;434;3098;292;1444;;
09/11/2020;272;322;260;306;248;298;262;782;406;358;282;276;686;828;318;268;318;514;358;1950;384;316;372;324;408;378;490;372;382;422;366;360;322;368;320;424;412;544;1530;1242;444;464;342;396;484;2348;306;286;;
10/11/2020;272;278;276;250;276;238;1342;1882;1660;316;360;292;284;364;314;330;392;468;386;376;428;414;360;406;358;414;716;556;346;402;340;382;344;400;360;494;516;2330;1804;968;442;408;478;408;484;2016;370;296;;
11/11/2020;294;254;282;1464;2436;1490;310;360;296;288;240;280;238;2292;232;276;228;308;250;288;384;2262;870;424;434;1256;1084;646;520;392;394;410;394;372;380;434;708;1714;2348;776;270;366;306;438;436;2958;292;2610;;
12/11/2020;1040;1740;310;266;310;246;1782;1354;310;254;300;258;300;274;376;296;2430;394;328;462;320;450;362;402;430;950;1004;400;404;348;410;372;392;362;400;368;488;478;486;568;2364;420;372;398;300;1884;286;332;;
13/11/2020;256;292;246;292;238;288;276;280;270;302;324;120;836;934;368;354;2046;468;484;404;384;310;368;418;1172;676;656;376;374;456;424;406;348;366;386;470;446;520;1156;784;1460;922;324;418;408;3330;392;1470;;
14/11/2020;266;268;254;258;252;246;266;248;274;242;270;2848;284;230;278;222;292;242;328;426;360;310;466;400;642;1028;2426;364;360;344;458;472;776;1396;1814;2878;446;438;1336;1308;282;384;304;388;288;2148;276;320;;
15/11/2020;262;284;248;260;260;252;262;248;268;1474;278;242;284;228;274;230;298;254;314;2022;484;422;466;474;1142;1294;1786;1882;606;360;492;388;370;384;588;2356;764;2482;1472;692;480;438;330;434;400;2976;308;1512;;
16/11/2020;314;1976;290;1742;2208;1720;644;428;836;2754;314;326;320;370;400;278;640;2324;542;352;384;330;454;328;662;1074;738;322;398;368;414;346;384;354;2202;432;406;1264;1368;554;332;400;320;356;1700;2924;290;1720;;
17/11/2020;530;1420;238;286;572;1812;322;356;328;1092;2486;250;736;724;388;406;674;2502;422;374;412;380;410;366;436;672;578;390;414;396;400;404;398;438;444;502;1138;1518;2152;3820;906;434;476;528;480;2524;266;1226;;
18/11/2020;418;306;282;258;322;2330;1396;466;448;306;370;282;1476;2136;296;224;550;356;430;328;1498;1154;376;876;1116;892;454;880;308;398;320;430;348;416;338;486;1066;986;1472;998;436;486;414;428;516;2654;284;244;;
19/11/2020;802;3742;3952;612;1586;772;282;230;272;248;268;260;374;2374;338;306;370;430;340;532;2454;488;352;368;302;1060;962;366;356;364;364;350;380;348;392;2424;448;1154;1434;602;1432;828;354;382;2538;1404;322;286;;
20/11/2020;282;286;278;302;2718;290;248;300;252;1668;2290;298;256;296;360;2068;1740;460;436;356;384;2858;446;378;1072;1738;446;340;368;360;440;476;2334;476;390;400;398;540;1108;714;2804;444;386;466;484;1838;438;288;;
21/11/2020;2906;260;284;236;278;230;3578;420;276;224;282;1898;1802;238;276;290;898;3354;470;428;630;388;546;2498;420;370;302;1850;2514;1408;684;452;360;352;392;378;2008;3670;1368;2154;790;416;384;388;426;3462;2794;308;;
22/11/2020;282;328;272;1398;3886;1978;1892;488;468;334;3170;310;246;280;228;2258;1340;272;276;326;738;3186;1256;1134;1068;990;1060;1310;748;384;1274;1414;430;448;368;414;512;552;1744;3046;426;392;466;404;444;2146;304;1048;;
23/11/2020;2776;242;268;262;244;258;1966;1278;232;278;232;1360;2122;286;314;294;1098;2676;334;534;342;568;2642;340;364;440;464;310;350;310;376;322;364;314;370;392;2978;456;1222;654;1580;976;360;352;724;3918;2002;306;;
24/11/2020;258;302;256;344;294;3088;250;288;250;274;2108;2026;268;262;370;722;3132;488;518;388;486;384;2956;376;908;2070;502;364;386;366;368;392;390;384;346;2510;482;400;862;1030;394;504;360;2662;442;1802;278;298;;
25/11/2020;244;274;248;2516;1138;270;728;490;340;524;2360;240;434;978;376;248;3290;390;408;336;374;316;396;2594;414;354;826;1390;412;1004;890;370;384;330;382;426;1168;2328;1660;914;1260;822;420;432;328;2616;300;5128;;
26/11/2020;684;1710;254;262;240;266;240;2746;230;266;236;280;590;2524;308;322;784;472;826;2402;352;420;362;416;700;762;404;442;404;450;376;400;418;448;402;450;2636;522;470;1380;672;338;370;346;370;3504;602;278;;
27/11/2020;330;262;298;224;2716;968;280;228;272;234;1928;1214;268;240;380;700;2624;504;496;382;386;926;2468;396;358;412;744;422;364;470;450;456;356;562;2456;842;704;1362;762;778;1602;710;2150;398;392;2762;338;1360;;
28/11/2020;306;326;306;322;258;246;936;2316;278;262;300;268;320;948;2080;516;498;340;350;464;1732;2116;1404;1928;952;1196;1918;1128;478;362;400;360;942;1928;874;2204;1078;630;840;1008;414;430;392;482;394;3884;1036;350;;
29/11/2020;1332;366;294;348;300;2710;464;1528;410;420;2262;1848;268;250;274;780;2484;246;278;392;1078;2446;464;408;496;464;1308;944;1394;1370;374;384;558;554;372;394;1512;3574;2736;752;402;462;506;3078;504;2346;356;358;;
30/11/2020;1040;3474;358;1418;1318;2926;3934;506;478;380;1882;1944;282;294;394;3474;1198;372;380;508;2632;1370;370;430;1120;1326;2546;772;388;436;392;412;402;586;2762;352;360;354;1092;3888;618;394;414;352;572;3800;1352;370;;
01/12/2020;410;340;374;2200;2012;296;1534;434;912;2494;328;290;248;386;2446;924;288;328;280;552;2978;390;330;412;924;1076;2616;396;358;422;392;426;408;1880;1198;542;716;1032;1350;3072;2062;1284;506;468;550;2500;510;2030;;
02/12/2020;1886;214;270;224;1746;1476;264;224;278;1428;1832;236;268;1154;2584;944;540;384;368;3396;536;490;390;416;370;1612;2576;1898;388;406;376;426;2940;386;340;416;398;1456;2820;680;408;430;744;840;2460;2248;282;298;;
03/12/2020;1344;272;2284;708;272;256;274;1084;1996;258;282;264;300;3556;604;254;284;432;378;2880;376;394;378;348;550;2616;952;438;468;410;466;532;2448;402;458;406;460;1170;1376;2624;830;514;452;420;454;2500;392;1374;;
04/12/2020;310;262;1284;2698;1108;1398;578;260;246;2074;1648;324;306;320;374;342;2188;1410;412;436;402;408;390;1338;2320;1360;800;674;402;464;426;448;882;650;566;2868;526;518;440;978;478;492;630;2434;408;1924;398;448;;
05/12/2020;414;412;1020;2934;332;374;324;382;286;2820;512;338;284;326;274;2660;264;334;276;468;2416;880;356;472;394;516;836;3652;814;440;352;414;336;398;356;1894;1286;540;2078;2312;498;2766;436;508;458;2936;456;3252;;
06/12/2020;568;342;228;268;694;2284;234;922;358;360;3184;714;222;274;226;1578;1614;282;990;432;1426;2464;1064;936;778;962;3576;870;342;526;414;482;2798;594;460;686;530;1316;3054;652;588;542;552;546;882;3996;818;438;;
07/12/2020;1326;1370;1282;838;1372;2544;312;302;328;302;340;2860;324;256;390;444;2670;930;590;292;348;374;3740;1318;1826;1174;668;452;480;472;2866;460;470;460;466;444;454;2998;530;806;1228;898;394;430;468;2666;2766;764;;
08/12/2020;354;376;310;354;1130;926;2778;442;396;424;302;356;2592;1596;320;652;994;2958;354;498;424;514;1226;1898;496;1068;420;456;422;430;354;404;352;398;312;564;2526;418;734;1000;408;1440;1858;460;460;406;1382;2866;;
09/12/2020;242;278;230;268;2794;1396;862;482;948;2730;302;276;220;1914;1964;278;580;444;3386;366;292;426;1584;2018;292;340;1572;878;3242;894;956;414;452;426;3168;674;512;914;2682;1688;2464;486;442;402;508;2640;342;1354;;
10/12/2020;332;310;424;2216;312;278;240;274;236;278;1744;1618;244;1170;308;310;2070;1330;244;390;326;368;322;2654;368;416;594;964;426;382;342;388;822;2082;396;496;428;506;1374;716;2556;468;406;426;464;1654;388;298;;
11/12/2020;2020;512;250;248;278;248;260;2308;1130;238;272;226;284;1144;356;2534;422;514;436;354;372;316;374;1378;1474;346;396;340;656;326;384;1090;1774;974;514;372;406;674;3650;864;556;420;416;384;384;2362;3040;318;;
12/12/2020;294;296;284;1378;1596;3210;638;412;2054;428;1810;1136;252;254;250;404;2632;264;244;490;316;2690;670;890;1292;1656;1484;622;1940;1002;376;420;430;428;490;1148;2520;1608;1952;992;412;1098;1766;2336;712;2506;334;1412;;
13/12/2020;282;1996;1022;278;262;276;272;2704;278;238;276;246;2422;756;314;254;322;650;2936;948;748;460;406;482;2916;828;1064;1764;1858;902;446;746;2224;490;692;524;556;526;1582;1112;1878;1278;476;444;470;2136;334;286;;
14/12/2020;312;2650;1064;284;264;290;258;294;2072;770;254;298;248;292;1958;1110;308;420;286;378;664;2528;436;332;398;1300;470;342;2038;850;376;386;382;376;334;2514;710;526;430;896;1714;1606;2636;430;422;2200;296;246;;
15/12/2020;1320;242;488;2082;274;260;256;270;244;2550;232;292;244;286;358;2808;254;282;254;386;342;2758;362;322;402;584;522;334;368;1656;982;334;332;340;342;474;504;3326;1032;454;380;462;410;778;2382;1840;350;276;;
16/12/2020;312;232;278;4568;1220;1368;636;274;982;1986;224;276;330;1100;2846;446;696;934;488;438;1588;1730;448;408;788;928;1300;1052;2364;616;446;456;400;448;368;846;2838;752;1654;748;502;492;1072;2076;348;2366;314;1342;;
17/12/2020;286;250;2316;596;276;268;1544;414;3056;316;382;246;262;1512;2696;290;262;276;228;2008;1496;366;292;352;250;300;1710;1120;334;358;378;316;388;346;398;382;2938;388;546;650;464;430;2530;718;404;1962;290;314;;
18/12/2020;266;462;3262;314;1480;524;412;1276;2122;288;292;268;300;290;2996;314;574;432;454;394;2990;348;386;396;646;1098;450;2754;370;438;406;444;432;452;396;430;2716;842;1940;2340;1980;300;382;342;1338;3842;844;1100;;
19/12/2020;304;252;268;306;252;264;2516;280;232;286;240;286;884;1998;228;268;240;278;962;2998;332;350;386;334;1010;1242;1574;496;2232;760;414;374;434;388;398;398;2518;826;1012;2058;508;492;348;2694;412;2422;412;772;;
20/12/2020;1962;294;290;238;720;2106;292;244;280;954;2108;1822;248;280;228;270;1480;1574;246;274;540;1936;2444;472;512;980;1234;3120;1230;434;408;430;406;1662;2332;624;474;522;1384;2202;536;2244;444;372;420;2730;322;1358;;
21/12/2020;294;244;286;3394;1232;1332;702;260;264;3400;234;282;232;284;310;464;2714;386;244;456;242;260;250;1208;1544;230;274;228;272;224;262;234;288;2390;274;230;270;276;1250;914;396;2316;562;356;320;1786;240;294;;
22/12/2020;234;280;818;2678;238;268;244;256;262;252;268;824;1854;240;370;260;434;262;306;268;1514;1250;270;278;330;954;706;350;258;320;1222;1502;262;292;324;326;370;356;404;2914;1566;1126;564;322;442;2420;310;474;;
23/12/2020;1112;268;474;2030;230;282;230;280;224;286;1090;1560;252;1130;322;388;380;286;1886;746;278;232;282;244;396;502;278;2958;270;330;270;310;264;320;1686;1426;422;498;600;722;2150;1122;430;398;388;1742;280;1482;;
24/12/2020;2166;3334;3976;746;242;270;2152;962;244;282;236;282;2226;906;338;270;400;404;4396;1146;1030;1024;696;888;1546;2154;468;952;382;460;538;3334;860;436;464;426;538;2420;1680;594;444;356;312;420;4198;4276;1692;1960;;
25/12/2020;3020;2744;1430;324;978;4080;1410;1250;274;244;268;260;3062;272;232;274;224;1518;1778;268;384;840;3322;556;588;1012;950;424;1442;3646;1228;606;368;342;316;272;3026;708;364;308;562;4042;824;384;354;3038;1430;3336;;
26/12/2020;234;280;230;3628;2192;2652;844;2032;2924;342;274;806;3282;224;274;516;3522;232;644;772;3342;1208;372;554;454;3658;428;962;792;422;340;2110;1534;498;478;534;1388;2770;1226;716;466;444;2764;784;394;1926;378;322;;
27/12/2020;2602;1488;310;272;312;514;2806;290;296;314;278;1834;1370;316;270;316;262;2818;266;314;308;630;1584;2494;1040;1154;1980;2804;4196;2486;506;524;532;476;510;3086;488;454;790;1556;1296;2764;434;412;448;2276;296;546;;
28/12/2020;3576;306;238;286;222;2774;554;284;230;274;2912;436;232;262;1128;2460;254;274;250;1914;1688;436;446;458;1554;2220;562;1074;528;446;2030;1100;524;446;526;508;578;3082;1588;1408;614;498;494;414;490;2634;1848;276;;
29/12/2020;274;244;256;1370;3328;2746;634;1708;442;624;2720;376;260;280;214;3008;294;294;210;1058;3374;364;408;444;380;508;2762;2358;366;422;378;416;466;402;2400;862;504;846;1268;3388;3440;606;428;332;372;2540;1492;2690;;
30/12/2020;304;250;304;1768;1854;356;1418;474;2770;1168;368;268;276;3466;306;348;324;2498;1826;404;348;946;3014;468;968;542;542;2886;2822;452;482;422;416;378;424;2874;778;432;464;376;992;3472;492;302;454;2058;316;1750;;
31/12/2020;2226;272;236;286;1140;2144;1230;1580;300;478;2964;282;240;262;320;3168;388;392;390;866;3176;874;600;1250;702;2128;1848;378;430;406;434;380;438;2714;408;626;516;430;1410;2712;358;374;718;418;3562;2388;326;364;;
01/01/2021;648;3854;352;272;224;3234;2530;1284;756;1710;2362;268;228;538;3532;264;226;274;2822;1322;236;336;1912;2248;408;432;1716;4184;1610;922;450;498;600;3058;486;438;494;976;3912;1268;548;502;464;1650;2000;2234;408;494;;
02/01/2021;1118;3294;312;304;290;1970;1864;322;298;1286;3056;272;224;666;3552;270;222;1040;3508;272;348;744;4062;536;546;432;398;2380;2712;548;596;436;396;466;3394;2592;1320;456;436;1660;2156;746;472;358;380;3178;3142;262;;
03/01/2021;294;418;2946;232;258;240;2238;1506;250;260;1236;3332;230;272;212;3604;400;278;208;2784;1500;386;402;796;3232;478;872;1042;1234;3250;650;388;414;462;2740;1694;860;1278;1618;3878;470;412;380;2448;1732;2018;628;2852;;
04/01/2021;4020;1506;250;246;2632;1318;236;262;2008;1988;222;272;1354;3594;322;334;362;3158;1270;484;424;468;2900;838;1000;1150;672;2274;1872;434;476;452;512;2126;1400;422;464;588;1374;3846;592;514;498;430;522;3232;1186;380;;
05/01/2021;350;362;492;3484;294;340;310;412;1552;1612;330;650;564;552;2876;344;306;414;346;2212;1056;372;394;354;1822;1862;832;310;352;322;2406;1152;372;316;370;3304;410;428;1064;1834;2816;444;488;478;470;4326;2374;1162;;
06/01/2021;252;698;2818;286;232;276;2088;3092;432;404;298;3560;260;290;274;2150;2144;456;362;380;2456;1604;372;406;422;3216;1266;396;468;504;1232;2386;456;474;422;446;1896;1734;1996;764;432;400;2770;958;414;1866;312;1726;;
07/01/2021;2962;290;248;258;788;2892;1150;904;960;3266;352;304;884;3526;770;438;642;3692;254;398;302;2854;1214;360;314;1620;2510;1062;424;370;1946;1828;366;354;360;3612;586;424;516;2508;2352;1158;1106;410;942;3818;3022;242;;
08/01/2021;288;1928;2224;292;258;2240;2278;274;1092;2256;2626;274;226;2040;3418;296;496;1818;3560;414;374;422;3610;846;360;1272;2484;2228;390;442;488;480;2982;1046;680;508;748;3436;2230;1716;482;440;1594;2838;440;2206;314;1308;;
09/01/2021;2972;1094;286;1330;2464;3622;758;230;1780;3840;474;328;1066;3404;252;236;998;3630;244;348;1024;3762;476;384;744;5180;3512;1688;732;926;1862;3132;422;322;590;3710;486;416;1250;4376;1652;358;310;664;3804;1928;328;518;;
10/01/2021;3704;1208;248;866;3596;242;280;2602;4596;438;380;776;3776;764;268;476;3690;1330;264;208;3228;2522;382;664;800;3814;2544;2544;408;252;2200;1148;242;264;234;474;3602;322;230;614;4160;818;310;486;3732;2410;260;308;;
11/01/2021;2634;2800;268;342;718;3812;318;286;350;3746;774;268;318;3694;1334;338;456;3794;1228;344;1840;3508;388;362;348;3606;1388;362;346;1946;2404;414;370;418;3472;822;408;1436;3468;2366;368;374;398;1026;2584;1728;340;286;;
12/01/2021;288;3222;1072;222;264;454;3182;242;246;258;246;2920;684;274;256;372;2256;1272;402;308;262;1128;2384;290;248;1040;684;1112;2018;264;262;260;274;1814;1614;250;380;358;348;2906;1700;308;1288;536;390;2098;3620;368;;
13/01/2021;334;296;322;582;2802;308;306;320;312;1690;1850;328;282;1210;368;2446;1018;280;222;274;228;2922;410;274;236;264;240;3678;742;310;254;242;260;3026;282;330;378;378;2286;2342;418;362;404;374;1650;3646;258;236;;
14/01/2021;264;238;364;3534;568;264;240;260;1006;2448;226;270;232;276;2306;1294;348;494;292;374;2604;932;286;312;280;794;2626;1596;838;580;316;282;322;1800;1328;896;530;522;3654;2844;326;328;312;292;2998;2398;258;838;;
15/01/2021;734;296;2396;1084;226;1104;952;1904;1862;352;306;282;1166;3350;348;384;364;834;3062;274;328;304;376;2480;1666;594;280;228;506;1968;1482;268;322;328;388;854;2620;322;784;732;1840;2116;352;354;310;3146;2116;282;;
16/01/2021;218;272;3468;2480;1188;1298;1780;2814;232;264;244;3544;488;240;242;2448;1632;236;254;1008;3392;298;268;214;1554;3860;402;290;378;992;2668;346;328;318;356;968;2230;432;410;888;338;384;2014;968;372;1940;338;330;;
17/01/2021;282;352;3250;310;294;328;336;1736;504;2714;396;376;282;224;264;1120;1734;232;648;708;358;2980;1174;638;606;848;1104;1336;1406;1444;326;284;252;286;462;424;2808;1006;2068;878;270;324;2226;1308;318;2162;254;712;;
18/01/2021;3246;284;258;260;3228;286;286;244;986;2938;294;244;280;2602;1420;262;474;1634;2440;242;282;254;2018;1606;260;262;516;342;2530;770;236;278;232;1814;1588;378;744;2730;1850;3032;958;428;326;306;1588;3824;300;242;;
19/01/2021;272;222;418;3644;602;224;272;514;3016;232;258;250;1554;2232;328;304;236;2646;1254;266;218;270;2944;776;206;270;224;1834;1834;252;244;232;372;3106;264;296;386;296;4708;804;352;310;312;2846;700;1878;360;226;;
20/01/2021;264;3136;1132;232;248;250;566;2896;236;274;222;268;1738;1700;218;320;282;620;3150;512;252;302;246;488;3658;3406;626;358;272;280;280;2664;446;326;268;236;340;346;2758;704;316;264;320;284;1826;3970;352;214;;
21/01/2021;270;220;270;222;1852;2050;272;224;264;1148;2172;222;260;230;362;3112;376;224;272;228;1384;1844;264;224;256;224;1604;1596;246;238;256;234;1284;1872;250;286;304;920;3544;1562;290;306;282;302;3002;1992;234;264;;
22/01/2021;234;284;3524;518;220;262;218;1572;1780;270;220;264;724;2604;318;290;248;698;3168;302;254;280;236;3226;272;284;418;342;280;2202;746;276;248;296;570;1536;2360;328;328;508;406;2870;534;292;348;1934;1578;2614;;
23/01/2021;280;222;1384;2358;3234;648;1498;578;814;2720;352;282;282;226;3148;218;272;234;1480;2254;364;318;254;248;2454;1228;888;1022;298;2426;960;264;220;274;648;2934;224;352;314;1900;2296;314;268;314;1900;3792;270;286;;
24/01/2021;242;314;3642;1056;238;244;2346;1996;264;226;960;3238;278;216;266;3400;812;952;484;2232;3244;914;896;842;1826;2774;944;254;274;220;1978;1752;268;220;268;216;3282;316;1554;626;342;3338;512;302;316;2138;3148;1472;;
25/01/2021;274;264;950;3202;266;264;1042;2290;2140;282;254;646;3688;424;332;304;2910;1656;228;272;1724;2374;224;272;228;2478;1098;274;224;274;328;2862;230;270;238;350;300;3482;1724;1658;272;1184;2946;312;392;1776;2146;2812;;
26/01/2021;244;250;842;3698;254;236;262;3284;1526;234;284;2670;2268;1116;356;2392;2674;304;350;294;3266;978;334;294;332;1810;1900;386;326;304;328;1086;1990;304;322;578;838;2082;4826;510;362;400;362;370;2680;2170;224;274;;
27/01/2021;226;1314;2584;334;226;270;226;2946;222;270;240;256;2504;664;306;274;430;1572;1752;258;286;232;286;1234;1950;230;776;278;366;290;2662;394;278;228;284;298;972;2302;912;810;330;272;318;1358;1716;1784;272;224;;
28/01/2021;280;3068;3952;2576;582;242;260;242;254;620;2284;256;238;274;336;340;426;2820;258;306;254;300;264;314;2672;338;370;324;246;290;246;598;2474;280;262;372;308;976;2264;2844;350;314;318;286;324;1414;2400;238;;
29/01/2021;286;234;282;276;324;2720;1652;448;414;314;382;2360;776;268;378;288;280;1956;1202;250;262;236;256;260;2572;254;238;280;230;270;226;286;2392;374;232;282;226;616;2296;1494;254;330;266;332;828;3538;702;314;;
30/01/2021;248;264;236;1478;2464;254;248;248;278;250;560;2144;278;224;264;254;278;2616;296;280;286;242;282;2056;806;302;886;698;276;506;2454;332;350;654;520;1230;3034;928;524;542;258;752;2208;344;320;1626;236;292;;
31/01/2021;460;3346;224;1378;1192;1352;704;1502;1388;276;228;280;240;870;2068;262;236;264;244;576;2784;438;304;280;268;256;1514;1972;2314;1506;1508;1208;904;976;1976;338;394;356;1758;1300;478;2414;368;344;390;2146;282;232;;
01/02/2021;1302;2224;276;228;292;236;280;700;2048;238;272;242;266;240;2026;936;436;296;316;302;310;2706;326;312;288;312;470;382;2428;314;280;316;272;334;986;2082;328;1128;1632;1974;1674;2194;264;318;272;2126;242;1710;;
02/02/2021;1946;280;228;282;234;274;236;2246;432;270;246;264;252;272;1978;1012;354;386;382;354;374;2182;690;336;382;456;390;334;338;262;360;2350;358;268;318;264;306;622;3354;740;474;338;344;278;904;3378;428;246;;
03/02/2021;256;244;258;258;254;2912;566;272;256;272;240;280;1832;992;366;358;318;390;820;2240;308;350;312;392;486;816;2700;496;288;322;302;382;328;1304;1794;358;326;1012;1260;3242;1294;596;322;356;356;3504;956;266;;
04/02/2021;258;260;264;2416;1474;708;1812;412;342;2888;314;238;276;268;408;2832;310;252;286;228;1960;1134;278;230;280;218;274;1932;444;224;270;238;288;226;270;230;288;3274;2408;366;374;332;340;2262;788;1868;266;250;;
05/02/2021;252;720;2958;258;238;266;230;266;2618;274;230;278;236;974;2184;328;410;352;380;1466;1910;400;318;366;322;986;1252;1612;318;330;302;758;412;334;346;2884;1344;1690;1330;2748;1454;2782;1422;530;472;2502;352;1314;;
06/02/2021;1198;1664;286;244;296;276;1850;2718;394;348;356;292;518;2574;232;280;230;294;354;2944;346;472;412;440;404;3148;666;898;378;426;482;2926;518;474;442;434;1418;2226;1942;628;1286;770;384;2678;358;1978;368;316;;
07/02/2021;1328;2670;274;1344;1252;2266;2706;238;1002;924;490;3026;380;364;302;272;2916;970;476;402;664;3856;1150;1498;2646;1812;2542;2712;382;392;256;280;788;2352;334;440;390;812;3964;692;424;340;282;3094;276;3738;660;2318;;
08/02/2021;2320;1174;242;250;240;2514;990;264;252;1398;2946;242;262;230;2862;1328;286;226;1434;2568;278;232;278;1520;1896;220;268;222;274;2282;976;224;262;222;2466;1266;374;320;868;3160;994;502;278;290;2866;1600;244;246;;
09/02/2021;608;3372;238;246;240;1224;2672;262;236;272;3060;866;224;278;1316;2926;462;572;324;2796;1068;372;310;508;3090;672;736;448;506;3016;276;340;286;1726;1888;344;302;594;4252;1366;644;382;322;2910;374;2046;276;330;;
10/02/2021;812;3096;270;328;276;338;2930;270;220;276;424;2964;218;266;1082;1882;2306;354;368;360;2480;1910;266;358;824;2798;1810;350;328;620;3062;356;302;402;1624;2110;388;418;412;2814;1130;346;328;1276;2842;1656;302;530;;
11/02/2021;3616;894;254;1640;2154;216;834;3606;278;228;1994;3006;268;218;2908;2936;720;490;3662;1346;366;342;3328;1340;668;570;2822;1894;374;428;1538;2692;358;446;736;3388;382;564;2206;3254;320;406;2254;2012;574;2070;1272;3704;;
12/02/2021;276;316;866;2942;278;312;296;3586;310;308;292;2716;1210;298;368;2688;2076;360;426;1084;3302;408;420;1172;2930;414;420;342;1524;1804;358;474;364;264;1244;1988;340;888;976;3824;968;280;314;1584;2564;1688;316;534;;
13/02/2021;3618;1084;264;1002;3090;224;274;1700;2916;230;250;1952;2890;230;234;2232;2934;644;818;2384;2902;246;220;1508;2958;1178;994;1032;3480;596;248;272;220;2490;1602;262;300;1774;4032;726;246;468;3484;1104;274;1576;2284;3036;;
14/02/2021;244;248;1874;2882;250;262;3166;3676;434;322;1204;3576;726;218;882;3436;1180;236;284;3388;1914;540;368;790;3056;332;644;546;252;476;2778;258;248;374;552;2940;1418;842;2256;400;1650;1942;280;380;330;2226;1724;4046;;
15/02/2021;488;1780;212;932;2632;268;216;286;254;3282;216;274;232;1122;3070;616;426;334;584;2968;280;322;278;296;482;2828;368;532;2090;422;306;282;314;1872;1222;266;760;860;1566;1366;2292;314;324;266;314;1844;3382;372;;
16/02/2021;280;230;262;838;2238;238;262;236;262;2544;736;250;258;264;1802;1672;300;400;376;608;2692;358;328;354;346;754;1764;1312;272;310;246;304;306;2960;324;368;322;780;2144;1980;2316;326;280;320;278;2838;1570;266;;
17/02/2021;244;252;248;2622;1356;252;258;252;258;2498;662;246;260;238;482;2862;598;316;340;264;320;2640;328;274;320;250;376;242;398;244;282;236;304;1822;278;228;348;332;1086;606;1144;1980;344;320;342;1902;266;1026;;
18/02/2021;2542;254;248;304;240;266;1814;856;236;270;238;288;254;2254;658;306;232;280;226;650;2216;278;220;278;236;280;2348;818;220;274;228;272;222;2248;228;280;304;370;1414;1360;1714;354;304;346;1416;3436;224;276;;
19/02/2021;220;272;746;3270;232;260;234;268;1318;1800;238;266;242;282;1606;1612;504;318;310;330;2380;668;312;342;706;982;1050;416;704;576;386;316;370;308;354;852;2002;326;472;438;354;306;358;1636;1110;1946;302;276;;
20/02/2021;246;280;230;342;1534;1976;466;1390;434;336;354;1842;1042;218;282;226;296;242;2110;756;346;426;958;354;688;1488;388;340;288;318;286;326;266;338;262;314;308;636;1706;3224;292;362;306;368;320;2320;310;360;;
21/02/2021;1752;1636;262;308;280;306;280;290;1180;1410;290;290;280;286;288;780;1998;278;894;612;374;318;378;334;386;2300;838;714;320;232;284;234;284;304;374;2278;436;380;1284;670;350;278;328;2254;398;1984;280;220;;
22/02/2021;280;238;292;2642;786;228;284;234;278;228;870;1864;306;1110;362;278;280;1878;822;230;274;238;268;228;2320;238;268;228;278;252;264;232;546;2002;266;312;356;726;2164;786;912;2132;314;302;304;2042;242;254;;
23/02/2021;3028;790;252;1364;1176;1418;1796;1532;256;252;252;262;1502;1624;322;308;450;332;1902;1144;280;340;278;324;560;954;328;328;276;314;266;318;266;322;276;396;334;964;1240;702;2440;356;312;354;312;1722;226;272;;
24/02/2021;252;276;2478;658;238;260;252;260;260;244;2352;250;262;276;354;294;498;2728;378;346;384;320;356;346;1162;754;534;290;348;294;348;292;372;360;802;300;638;1644;1552;532;1394;2310;342;340;346;1956;246;268;;
25/02/2021;244;270;2928;316;230;280;234;294;236;284;1814;832;220;1120;306;352;370;792;2000;328;282;334;274;328;976;864;304;324;270;2038;358;320;268;318;354;334;286;368;892;2190;316;334;330;346;342;1856;2324;256;;
26/02/2021;286;240;276;256;1544;3500;406;312;366;258;286;346;2492;270;388;300;366;1176;2184;338;418;344;414;332;840;920;358;404;340;266;364;344;366;342;378;410;296;1104;880;1614;2690;342;320;352;318;1998;312;330;;
27/02/2021;1690;1766;222;316;224;278;228;2678;228;280;234;266;1914;1586;234;266;236;2156;1436;316;254;252;586;1114;2944;720;900;248;308;230;268;224;276;228;284;254;278;1220;906;1726;1444;306;352;316;346;2018;342;3006;;
28/02/2021;252;264;242;270;1446;2450;968;348;306;324;968;2278;218;274;222;942;2468;260;306;1146;288;2710;500;304;286;646;1362;1008;374;478;376;372;1934;404;678;1306;594;1062;2280;780;2500;1400;364;376;338;2318;462;2138;;
01/03/2021;3162;1824;254;302;246;806;3170;890;390;376;348;674;2462;264;270;270;814;2558;292;442;506;304;348;2438;638;2042;2160;316;286;234;276;238;262;248;264;276;422;1984;2656;502;566;788;2088;392;342;2590;344;1374;;
02/03/2021;276;288;236;1194;1458;282;234;304;1980;1076;2944;382;242;266;244;732;2190;334;336;440;408;320;2246;318;466;386;1280;1254;1016;328;490;402;422;352;398;334;462;412;484;808;2498;428;414;336;368;2126;388;330;;
03/03/2021;1858;1608;292;298;288;306;274;314;2412;846;478;380;280;318;1930;1216;386;770;420;482;410;2544;818;1148;1100;1022;1330;458;396;426;484;394;418;388;420;358;450;528;1536;1344;1248;972;2874;860;528;1940;372;304;;
04/03/2021;326;2944;3896;2068;1110;3456;1336;766;406;348;328;326;230;3292;320;344;286;330;276;398;2320;592;370;434;386;726;478;426;408;434;458;450;414;718;2520;658;406;550;2974;1276;424;396;608;2196;408;1728;364;282;;
05/03/2021;328;262;2692;736;290;280;282;292;3686;766;442;380;340;368;2744;400;500;376;308;430;2670;376;374;370;812;1022;2140;1422;334;382;424;322;1770;1636;1098;780;640;1016;4356;1070;380;448;338;1286;2258;2122;378;378;;
06/03/2021;710;3742;334;258;260;1074;2542;232;274;232;3098;760;284;234;2090;1694;264;224;1796;2908;350;784;1020;1458;980;3254;980;390;426;432;382;412;366;340;328;384;400;1438;3236;2280;396;384;332;1578;1684;2544;304;1278;;
07/03/2021;236;1018;2296;276;232;290;1000;2294;868;1742;398;1774;2574;262;242;270;2330;1226;262;274;396;3158;778;826;1518;1748;2438;584;362;308;306;1562;818;256;304;294;368;316;520;480;1320;1786;354;304;340;1892;286;1402;;
08/03/2021;2376;218;258;1316;1736;3580;792;238;246;2170;1700;262;248;656;3216;294;240;530;3072;260;220;274;224;270;408;2326;226;274;218;262;240;254;240;240;260;274;360;1174;2786;430;376;316;364;2926;346;1802;276;236;;
09/03/2021;1092;2964;252;266;262;1516;2044;266;232;282;3036;692;226;274;2238;2014;446;342;302;3110;500;302;296;296;290;656;2496;1960;310;270;326;276;314;268;346;280;350;274;614;608;2828;302;346;306;360;1620;2296;672;;
10/03/2021;260;248;258;1964;2130;280;1736;458;3288;632;330;308;1296;2906;304;298;374;2370;1110;284;240;292;244;2222;794;928;1138;820;298;1102;1716;268;220;262;222;300;2924;1806;2070;832;614;1238;3082;540;402;2208;250;268;;
11/03/2021;1236;1268;1148;266;272;226;280;244;1960;756;232;278;238;272;354;2110;1188;286;350;300;298;1386;1466;814;698;696;346;348;330;286;330;302;1670;1002;264;284;234;1004;1142;600;2752;342;354;328;362;1842;2120;1394;;
12/03/2021;278;228;274;280;2834;240;264;260;260;1918;1270;266;242;268;1042;2510;364;378;336;350;292;2612;336;340;314;524;314;372;300;308;260;2250;426;368;332;318;350;680;1318;2322;842;296;314;284;332;2036;328;3100;;
13/03/2021;390;234;272;252;256;1804;972;286;230;284;234;1398;1444;252;270;232;280;2460;686;228;262;248;254;2390;488;286;228;284;222;274;2146;264;258;236;276;230;416;1680;2622;1404;354;414;350;1404;1738;1778;328;330;;
14/03/2021;242;2524;1328;298;236;292;3406;3064;482;356;292;2286;946;262;248;266;3130;256;260;248;360;774;2468;298;370;312;746;1424;912;272;352;314;360;664;1786;304;370;324;1418;392;614;2302;350;320;402;1954;282;1998;;
15/03/2021;1622;228;266;1358;1196;3542;2328;420;336;350;310;258;3252;452;320;346;406;676;2326;326;272;312;270;324;268;2412;458;330;262;318;266;320;1106;1588;680;1186;1290;606;3002;1276;2450;340;326;346;368;2950;1334;284;;
16/03/2021;298;280;318;1406;2366;264;306;256;314;456;2490;262;306;272;442;916;2226;240;276;246;270;248;254;254;258;1908;244;250;252;278;236;264;226;272;232;280;328;368;890;662;2318;328;288;330;318;1820;228;278;;
17/03/2021;1468;1916;228;272;236;268;234;1416;1400;264;252;246;252;2138;1062;328;484;314;344;2556;338;348;408;368;488;1360;1228;348;348;312;350;316;314;336;320;1386;1086;432;1154;962;764;362;302;354;2454;1980;260;276;;
18/03/2021;236;274;1618;1918;246;240;250;244;2718;234;262;234;280;3168;830;260;268;224;574;2220;268;226;278;226;266;234;2284;242;272;248;264;250;248;250;456;2020;326;1494;1286;612;516;2474;320;366;328;1570;230;1850;;
19/03/2021;1490;276;228;276;226;2606;270;290;234;282;246;2518;230;360;334;294;1210;1896;284;300;300;308;1266;1366;290;1144;1078;336;292;294;298;290;310;284;362;236;330;410;1432;1904;1428;272;300;274;306;1970;336;3322;;
20/03/2021;270;222;266;220;270;2842;826;412;338;238;2348;914;274;220;278;2568;804;214;270;278;288;2544;272;224;274;230;284;572;286;224;276;338;346;226;298;226;478;370;2498;608;1456;1364;318;278;308;2152;298;268;;
21/03/2021;264;3418;248;278;234;280;222;2782;222;276;226;278;1762;1510;244;262;260;374;2858;234;320;596;526;1576;1816;370;764;866;2214;1902;2340;552;308;264;376;976;728;392;3520;692;532;342;340;512;2548;1912;338;348;;
22/03/2021;324;1034;3042;408;316;356;256;3024;270;282;226;704;2692;272;518;282;1888;1730;224;260;228;280;246;262;1046;1438;248;252;250;236;258;240;260;232;264;312;340;300;932;1800;596;2194;922;334;378;1930;362;272;;
23/03/2021;292;1732;3812;786;2508;490;442;992;2452;268;278;230;774;2650;346;336;474;820;2366;296;298;304;290;308;566;840;1028;430;282;326;286;322;282;320;244;302;232;310;332;578;350;360;360;2436;396;1494;258;248;;
24/03/2021;266;240;274;232;276;3778;1010;410;360;304;340;1246;1618;842;304;222;1844;1294;286;226;282;234;276;228;276;642;844;270;326;356;336;768;1196;336;312;306;302;296;974;2566;508;322;340;332;366;2174;288;256;;
25/03/2021;262;892;2378;260;236;258;238;268;236;2298;230;274;236;294;326;1664;1296;326;282;320;272;328;276;326;314;364;510;332;278;322;322;396;314;380;304;326;256;300;738;1198;2106;364;350;352;322;1836;268;248;;
26/03/2021;286;218;280;302;2954;288;242;290;252;270;1038;1564;278;252;402;276;246;1408;1240;284;278;250;286;224;286;260;676;466;248;298;320;318;326;278;302;1838;686;1036;2276;1420;358;334;2568;306;362;1932;346;336;;
27/03/2021;812;2996;248;304;264;294;1646;1458;296;242;300;1088;2174;240;296;262;648;2674;362;418;1102;1170;810;804;794;1912;1636;404;270;348;1176;1060;272;294;332;358;408;384;384;406;676;320;1610;1138;354;1726;348;302;;
28/03/2021;276;270;2832;698;264;294;1646;1458;296;242;300;1088;2174;240;296;262;648;2674;362;418;1102;1170;810;804;794;1912;934;800;462;262;276;244;280;238;286;230;280;264;1394;1690;346;280;328;290;332;2536;2156;2162;;
29/03/2021;1056;1574;412;236;278;248;282;776;1782;248;262;254;256;1526;1306;350;462;342;300;2366;350;302;286;302;282;696;534;318;278;320;304;322;276;350;356;358;258;312;1558;1030;408;366;466;438;390;1998;240;296;;
30/03/2021;238;282;232;282;226;278;1900;1186;230;280;234;276;236;286;810;294;334;256;2202;256;252;246;258;250;260;246;266;254;266;246;272;238;262;236;278;240;960;916;868;614;504;1162;610;322;390;2120;366;234;;
31/03/2021;288;230;284;230;284;236;298;240;282;238;282;236;1290;1282;380;316;336;468;1616;502;326;298;302;308;386;590;1208;464;576;464;346;328;324;332;420;350;428;340;306;594;484;352;358;450;398;2058;238;290;;
01/04/2021;244;278;234;322;234;282;234;280;232;280;230;280;224;334;464;436;446;282;230;286;226;276;230;284;228;286;232;290;238;286;232;286;228;280;222;286;232;292;512;1046;274;730;1000;390;372;2292;282;302;;
02/04/2021;238;286;230;286;1284;1334;540;432;330;378;288;284;230;362;322;438;332;544;314;374;316;398;356;1094;2194;1336;360;702;562;398;360;414;390;384;460;858;702;1672;1084;884;320;338;352;326;330;2214;328;280;;
03/04/2021;284;254;274;250;274;250;998;816;1572;334;1710;554;270;236;274;238;276;238;844;1200;1928;978;500;518;638;1648;1426;542;438;320;316;286;470;544;500;508;430;1186;1096;1096;646;1702;578;458;392;2586;360;2920;;
04/04/2021;248;282;252;290;248;274;248;1392;476;412;332;338;1330;1362;274;256;272;246;866;1780;3044;1326;2282;406;802;894;2300;1486;344;462;396;478;382;412;334;390;432;1292;1328;1450;450;696;496;916;436;2080;362;292;;
05/04/2021;340;2424;650;230;284;232;310;1500;474;370;376;326;292;238;1494;1042;270;242;272;1120;412;428;2238;566;1336;1256;1030;912;374;366;312;318;376;380;330;362;274;508;1382;756;498;1498;1252;396;358;2630;246;1258;;
06/04/2021;260;258;372;2334;266;234;280;234;286;2508;910;224;278;258;1062;2346;460;294;304;304;2464;298;282;322;280;644;998;376;248;306;260;2008;266;318;264;382;262;774;1382;1054;300;332;326;2030;924;1550;296;264;;
07/04/2021;298;254;2032;1350;292;246;298;242;2856;254;298;240;816;2956;684;256;292;384;2912;272;318;276;328;286;324;320;428;1674;866;272;332;242;276;240;270;240;330;302;1578;472;1438;324;346;344;802;3466;332;254;;
08/04/2021;262;254;266;2886;3934;1096;252;2352;566;262;242;254;666;2440;340;312;414;304;2868;318;276;316;266;316;272;326;436;396;264;334;282;302;262;316;276;410;278;328;556;1352;402;368;338;402;346;1464;1110;232;;
09/04/2021;290;232;274;1376;1122;1510;482;288;224;306;2282;288;242;262;418;310;486;784;1974;280;338;274;338;290;558;840;884;310;326;1014;1860;1040;378;408;688;400;1200;690;334;330;280;366;306;382;1610;2656;342;1490;;
10/04/2021;240;282;236;294;232;288;1764;284;226;276;234;278;242;272;246;262;250;354;318;268;250;1966;244;262;898;1068;652;452;516;268;306;254;322;252;358;294;394;1600;2146;1608;320;310;370;336;388;2266;368;274;;
11/04/2021;1344;1794;286;236;288;234;280;800;1872;246;296;234;282;226;674;2126;286;230;276;240;356;2216;384;278;318;264;414;794;378;274;342;2078;572;328;372;320;380;320;1344;1798;1414;402;454;442;474;1806;1312;2108;;
12/04/2021;280;222;280;276;2708;382;270;222;282;2948;278;214;932;1754;2124;248;330;450;2874;342;300;260;310;260;654;990;778;2020;428;274;328;270;318;264;316;460;522;742;666;860;366;1390;796;354;370;2102;2602;236;;
13/04/2021;268;238;264;244;266;246;880;1894;272;254;256;256;2064;936;724;370;234;1096;1976;266;240;266;246;274;232;274;222;276;232;282;230;270;230;282;230;286;322;552;574;770;288;360;1128;1784;348;1814;268;280;;
14/04/2021;238;280;244;2558;938;272;696;1190;416;1760;1370;346;248;274;386;3028;470;310;298;310;288;2194;660;1116;832;738;364;328;358;360;414;746;796;534;352;326;396;924;1280;344;356;328;372;1284;2636;2156;418;236;;
15/04/2021;280;232;272;1356;1094;1424;2030;1738;272;242;262;236;2120;1672;352;290;426;290;2808;296;296;312;294;294;282;368;942;378;310;310;294;316;296;320;294;332;332;302;808;782;290;350;320;2580;420;1662;308;264;;
16/04/2021;246;278;240;272;1794;1566;232;274;242;276;370;2504;234;302;342;400;2232;1122;318;356;314;350;330;390;330;332;410;496;452;406;402;474;412;474;448;374;260;316;1082;904;290;370;1144;1740;320;1938;308;320;;
17/04/2021;236;280;230;286;234;642;2560;2102;356;354;298;274;228;282;1802;816;220;280;236;344;260;462;1982;286;542;1618;1038;288;298;284;228;280;238;286;244;342;752;1782;1332;408;278;358;302;366;314;2298;350;2782;;
18/04/2021;240;274;222;280;228;284;698;1892;222;872;358;346;632;2270;234;276;226;280;2352;1268;218;280;226;278;226;270;314;866;338;340;288;370;346;372;320;380;322;374;1256;500;440;1080;686;380;392;1934;306;304;;
19/04/2021;252;292;2616;458;246;292;262;298;256;294;248;286;254;288;302;2298;484;418;318;374;320;366;354;1124;1046;1214;556;330;332;282;884;560;376;330;400;352;502;1342;1110;310;422;278;388;964;706;2776;324;1288;;
20/04/2021;288;232;280;224;274;224;282;230;280;226;282;226;328;1856;382;368;504;278;328;278;328;276;324;282;332;492;420;312;324;286;334;296;332;356;400;312;296;248;496;430;332;290;314;336;428;1942;292;252;;
21/04/2021;262;246;254;242;262;258;276;258;258;246;260;272;2778;1150;322;200;354;234;216;254;220;236;212;244;208;948;478;346;232;300;204;210;156;216;166;246;252;304;304;420;170;252;196;248;1328;2338;164;226;;
22/04/2021;166;210;158;1358;944;1510;274;212;160;212;158;1282;158;222;224;358;336;292;192;270;250;260;196;252;522;830;722;298;206;262;284;280;248;260;236;222;166;176;582;1332;438;236;256;320;330;1914;258;160;;
23/04/2021;186;156;188;154;188;146;198;162;198;150;202;146;190;142;468;396;194;142;198;146;204;150;200;148;200;144;218;1748;1038;344;250;184;238;276;314;220;950;808;1402;934;186;226;202;260;222;2342;196;234;;
24/04/2021;148;210;156;564;826;198;144;202;146;202;152;202;156;190;166;196;172;180;228;2826;4226;1540;428;294;252;538;2140;806;276;238;188;248;278;1062;254;326;460;1388;1376;968;204;230;1178;234;256;210;268;208;;
25/04/2021;258;152;204;196;206;150;914;764;366;258;276;250;184;186;176;196;156;200;148;200;204;208;174;210;148;210;466;1024;500;492;266;270;360;252;286;250;362;348;1672;642;1240;526;246;220;362;2288;318;170;;
26/04/2021;204;156;204;2802;4006;1144;186;1216;402;354;256;284;202;366;852;248;198;246;254;354;300;314;304;696;2376;2602;1944;508;412;380;498;562;324;390;306;482;342;1434;1054;532;246;398;1342;486;410;1674;338;302;;
27/04/2021;296;244;188;1284;964;1502;266;158;208;158;220;160;206;342;1014;194;200;142;260;232;280;232;304;264;316;446;374;264;252;250;246;304;254;286;248;314;312;394;1384;252;176;250;220;314;316;1940;242;234;;
28/04/2021;234;256;164;2842;3992;1212;338;1816;330;258;250;180;180;176;274;174;372;232;286;300;344;284;356;286;348;578;630;270;404;276;322;288;332;266;742;720;1050;2210;1424;574;216;210;238;264;338;1172;1682;194;;
29/04/2021;182;192;158;236;152;196;150;200;152;196;142;210;160;1060;246;210;290;204;154;286;236;302;250;280;218;788;1278;300;330;248;168;212;166;206;186;208;174;222;828;634;296;298;286;296;296;1984;220;222;;
30/04/2021;168;166;170;2764;3952;1112;184;166;172;172;178;168;180;186;262;198;380;214;296;298;392;296;330;332;650;854;768;1466;1732;776;356;302;382;332;410;274;320;246;1210;1254;278;264;256;232;360;1564;314;192;;
01/05/2021;252;188;202;148;198;152;200;158;250;670;256;198;200;188;188;160;178;170;178;202;374;350;400;310;484;1234;1300;1138;420;302;250;308;256;288;248;286;270;346;356;650;180;744;1128;250;194;2444;196;260;;
02/05/2021;162;210;150;3850;4782;2382;418;220;1688;1962;322;272;234;186;166;170;184;164;226;1072;564;844;526;638;448;244;1520;1216;302;250;358;332;376;376;420;366;600;346;1120;1176;240;318;264;322;260;256;196;292;;
03/05/2021;186;208;150;198;148;192;154;186;154;174;162;178;174;190;180;158;172;156;708;956;320;162;304;268;320;482;1550;1452;960;624;290;242;294;270;316;324;374;262;368;506;582;344;1354;886;244;2778;234;254;;
04/05/2021;1124;202;166;2748;3964;1120;162;236;1368;384;302;278;270;186;204;176;196;146;510;762;306;268;382;348;402;342;986;1548;730;882;770;470;354;414;326;492;352;406;1296;1028;610;230;214;238;326;342;286;222;;
05/05/2021;206;162;190;156;194;152;212;1364;1494;312;276;246;216;200;296;164;242;368;322;368;328;286;308;502;1868;1430;1112;1076;1310;1714;814;278;264;370;268;276;636;882;1738;1262;350;900;1632;1502;240;2876;194;1236;;
06/05/2021;2026;856;964;2714;3888;1212;170;192;172;174;174;162;190;166;292;176;246;194;250;210;320;410;318;260;288;752;1710;396;262;252;244;254;274;306;284;286;322;652;1084;678;230;278;186;244;192;256;192;252;;
07/05/2021;170;208;162;192;168;172;168;174;180;168;182;154;196;192;314;278;236;176;216;292;316;248;324;346;360;420;1414;232;566;326;320;264;324;302;382;292;348;300;306;1446;942;542;726;1678;964;2984;208;212;;
08/05/2021;184;158;190;174;190;154;170;178;146;190;134;190;142;172;162;152;172;140;490;860;238;194;270;176;236;190;382;196;222;158;144;128;140;144;130;152;118;150;116;162;110;166;102;164;112;168;110;162;;
09/05/2021;102;164;110;164;114;150;120;158;126;148;122;146;136;148;132;132;142;130;144;122;150;124;152;112;154;116;162;110;152;110;162;110;154;108;166;112;164;100;162;110;164;112;152;114;166;122;160;108;;
10/05/2021;162;116;158;110;152;124;150;124;138;134;144;138;128;146;138;144;126;140;134;152;130;140;128;154;126;148;114;158;120;158;108;164;114;164;102;164;110;170;1132;374;150;230;174;252;176;268;152;1784;;
11/05/2021;2218;1212;140;194;142;1270;358;324;250;250;200;170;178;170;182;144;188;150;196;140;190;202;222;202;230;148;814;934;794;330;202;214;206;264;252;222;152;1026;1242;1416;546;316;308;202;310;2520;1102;1534;;
12/05/2021;198;140;192;2750;3998;1144;184;150;178;160;170;166;162;180;148;186;146;192;1014;370;134;216;138;186;144;194;350;356;224;230;178;180;154;174;642;238;260;240;494;1194;232;222;216;198;226;208;220;206;;
13/05/2021;198;148;196;146;182;156;1648;674;2712;342;290;230;278;204;204;136;188;140;188;154;274;232;282;432;808;568;960;1036;200;232;332;244;268;274;200;260;262;272;242;412;264;234;194;314;204;2056;180;1436;;
14/05/2021;1318;192;140;2656;3996;896;1366;2206;546;238;250;150;176;156;192;140;182;134;190;1076;268;144;280;254;244;388;1474;1120;268;152;176;240;224;248;422;724;840;1034;1482;738;250;236;274;230;234;1912;228;214;;
15/05/2021;210;204;180;180;192;198;182;844;852;364;288;258;234;180;192;190;174;154;178;230;266;258;222;286;320;646;574;330;346;368;308;232;194;188;166;172;182;196;716;512;264;268;206;228;222;2058;228;1802;;
16/05/2021;1270;166;182;2774;3916;1084;172;144;184;300;630;234;180;164;166;182;152;156;182;292;234;268;186;176;272;274;224;1014;902;176;318;272;288;294;340;350;324;276;1046;674;174;1006;724;204;274;314;192;156;;
17/05/2021;178;168;150;182;180;130;174;178;152;168;170;156;160;192;246;384;200;284;224;226;268;244;272;2418;1786;514;204;224;274;284;240;280;280;240;488;1072;698;1308;612;1156;186;224;224;208;1616;2976;148;168;;
18/05/2021;178;154;160;2782;3934;1196;176;164;148;172;170;146;178;190;226;210;374;178;220;234;188;218;214;174;200;788;780;284;254;224;240;248;232;202;196;246;236;242;968;684;186;220;212;240;314;300;186;212;;
19/05/2021;208;170;210;1344;924;1544;258;160;194;198;174;186;190;206;244;200;160;154;180;170;150;178;164;144;172;172;1106;1096;188;142;182;182;146;198;178;204;262;268;918;464;198;186;202;218;268;3396;1830;170;;
20/05/2021;156;184;170;2676;3878;1166;144;182;182;266;546;182;138;1096;266;158;348;218;190;196;216;196;220;218;208;190;380;270;180;288;228;202;328;300;200;234;294;262;572;864;244;192;216;226;196;228;228;208;;
21/05/2021;192;182;168;160;182;172;152;186;1272;280;346;258;246;282;200;170;164;266;398;258;822;376;532;292;184;180;256;210;170;346;210;146;176;162;136;176;168;142;178;342;240;256;246;182;192;1898;170;184;;
22/05/2021;184;140;182;2712;3924;1230;184;142;634;308;202;176;182;150;176;180;136;164;304;446;174;178;234;168;180;634;1262;760;164;220;384;596;148;182;282;260;256;220;916;924;312;224;226;204;228;1428;202;158;;
23/05/2021;184;178;138;218;178;174;166;180;162;156;180;164;144;188;174;140;178;178;128;180;242;192;426;276;244;394;498;1004;590;248;214;150;186;188;212;254;278;278;1272;220;274;256;296;258;222;2042;230;232;;
24/05/2021;142;178;172;2746;4000;1248;152;166;182;158;158;176;162;166;180;164;150;168;792;444;272;254;208;236;174;220;204;942;160;248;264;248;286;364;184;290;300;160;182;182;136;194;328;204;288;292;202;176;;
25/05/2021;206;154;176;178;132;168;174;138;176;174;130;176;176;174;266;208;180;224;280;202;292;382;178;310;254;436;340;374;190;244;286;242;274;280;248;278;544;552;638;434;162;226;222;228;314;2246;344;1826;;
26/05/2021;650;1098;180;2752;3840;1184;170;138;176;180;142;176;302;876;258;208;548;422;262;230;370;286;214;246;242;440;1408;408;242;300;292;166;206;344;144;220;274;232;292;496;140;222;218;188;280;334;176;1374;;
27/05/2021;170;132;178;180;138;176;170;138;180;180;134;172;180;150;322;226;134;414;376;232;188;192;170;202;206;134;180;200;158;190;214;160;318;190;136;260;940;1034;462;208;160;220;224;202;312;2220;260;208;;
28/05/2021;182;144;178;2664;3994;1216;182;1184;432;304;214;254;228;150;180;194;166;262;214;176;240;218;192;452;278;1174;1730;1638;1308;724;226;264;178;180;184;154;166;180;1478;766;224;352;302;336;338;1590;254;206;;
29/05/2021;158;164;180;162;156;182;170;150;184;174;154;184;178;154;180;176;136;172;176;226;276;190;832;592;674;784;364;234;196;208;196;198;204;190;206;146;184;382;584;254;234;1588;966;324;238;1896;270;192;;
30/05/2021;168;180;160;2726;4012;1226;162;186;164;160;186;168;162;192;164;154;182;164;156;250;558;402;330;1016;838;224;258;204;896;1682;512;158;190;174;328;212;184;144;184;236;304;310;250;242;276;1508;182;168;;
31/05/2021;184;160;158;1270;926;1506;190;172;150;182;176;140;182;216;270;234;260;226;276;308;250;256;230;192;204;410;406;200;244;278;208;268;290;186;282;270;238;256;276;236;176;220;202;212;276;2048;170;186;;
01/06/2021;174;154;186;2702;3976;1250;1328;380;322;288;230;236;186;158;246;184;202;774;360;242;208;330;326;234;274;696;1070;616;300;240;268;224;194;212;202;168;546;242;180;1548;460;224;226;230;238;208;182;192;;
02/06/2021;206;168;184;164;158;184;168;156;184;170;154;182;174;1046;266;228;342;232;226;182;228;226;186;246;288;890;708;236;164;172;186;158;172;286;206;256;222;166;258;562;266;252;234;234;256;2152;296;162;;
03/06/2021;178;184;150;2644;3944;1304;168;184;156;166;186;160;162;198;276;198;214;274;304;246;226;216;260;232;560;670;490;184;208;194;168;202;192;166;206;188;150;184;178;148;186;214;218;268;334;198;232;210;;
04/06/2021;184;178;184;140;180;184;144;178;182;146;174;184;146;186;264;180;208;250;380;230;250;208;202;230;212;332;474;210;194;228;210;180;310;198;238;244;680;428;364;968;668;174;228;260;264;2130;250;168;;
05/06/2021;164;186;178;2664;4044;1282;148;178;186;162;536;218;170;172;184;172;144;180;184;282;282;198;140;186;182;1038;1586;374;172;154;184;172;150;180;176;154;502;588;710;422;196;190;290;312;284;338;330;248;;
06/06/2021;212;178;140;182;180;152;1492;696;1454;188;186;146;186;192;138;178;174;138;182;182;260;234;196;178;1162;1262;1552;1106;250;222;232;314;1240;552;350;346;206;172;202;550;416;316;784;668;256;2192;268;162;;
07/06/2021;168;190;176;2700;3958;1284;160;168;188;174;152;184;186;158;244;226;188;428;268;292;216;320;276;236;280;302;1212;1308;240;248;294;240;246;278;228;594;708;962;1274;348;318;282;324;246;274;304;196;168;;
08/06/2021;194;178;156;234;182;146;190;190;150;182;190;158;172;200;254;186;188;182;234;216;198;234;224;194;200;204;180;152;196;224;250;238;210;194;222;290;244;280;272;268;326;490;228;232;344;1726;202;178;;
09/06/2021;150;186;178;2662;3930;1312;150;188;178;152;186;174;146;194;244;220;264;382;270;374;284;244;346;474;668;904;1220;300;298;248;296;320;272;222;278;282;280;310;260;810;588;280;308;322;300;294;240;236;;
